Brand, ProductName, Rating
Under Armour,Men's Tech Graphic Shorts,4.7
Under Armour,Adult Resistor 3.0 No Show Socks| 6-Pairs,4.6
Hanes,Men's 5-Pack Sports-Inspired Cool Dri Boxer Brief,4.5
Hanes,Men's 6-Pack ComfortSoft Moisture Wicking Tagless Tanks,4.4
Fruit of the Loom,Men's Coolzone Boxer Briefs (Assorted colors),4.5
Under Armour,Men's Raid 10-inch Workout Gym Shorts,4.6
Under Armour,Adult Resistor 3.0 Low Cut Socks| 6-Pairs,4.5
COOVAN,10 Pairs Mens Cushion Ankle Socks Men 10 Pack Low Cut Comfort Breathable Casual Socks,4.6
Dickies,Men's Dri-tech Moisture Control Crew Socks Multipack,4.6
Gildan,Men's A-Shirts Tanks Multipack,4.5
Fruit of the Loom,Men's Stay Tucked Crew T-Shirt,4.6
Hanes,Men's Tagless Tartan Boxer with Exposed Waistband,4.5
Hanes,Men's Tagless Boxer with ComfortFlex Waistband Brief,4.5
Hanes,Men's 5-Pack Tagless| Tartan Boxer with Exposed Waistband| Assorted| Large,4.6
Amazon Essentials,Men's 10-Pack Cotton Half Cushioned Crew Socks,4.5
Liberty Imports,5 Pack Men’s Active Quick Dry Crew Neck T Shirts | Athletic Running Gym Workout Short Sleeve Tee Tops Bulk,4.5
Iseasoo,8 Pack Copper Knee High Compression Socks For Men & Women-Best For Running|Athletic|Medical|Pregnancy and Travel -15-20mmHg,4.6
Hanes,Men's FreshIQ X-Temp Comfort Cool Crew Socks| 6-Pack,4.5
Hanes,Men's ComfortBlend Max Cushion Ankle Socks| 6 Pack,4.6
PUMA,Men's No show Sport Socks| Moisture Control| Arch Support (8 Pair),4.7
adidas,Men's Athletic Cushioned Crew Socks (6-Pair),4.5
Fruit of the Loom,Men's Tag-Free Boxer Shorts (Knit & Woven),4.5
Hanes,Men's 5-Pack X-Temp Comfort Cool Assorted Boxer Briefs,4.1
Dickies,Men's Dri-tech Moisture Control Quarter Socks Multipack,4.7
Calvin Klein,Men's Cotton Stretch Multipack Boxer Briefs,4.4
Fruit of the Loom,Mens 12 Pair Half Cushion Ankle Socks,4.5
Hanes,Men's ComfortSoft Short Sleeve T-Shirt (4 Pack ),4.3
Gildan,Men's Assorted V-Neck T-Shirts Multipack,4.4
CS CELERSPORT,CelerSport Ankle Athletic Running Socks Low Cut Sports Tab Socks for Men and Women (6 Pairs),4.8
Hanes,Men's Long Sleeve Cool Dri T-Shirt UPF 50+ (Pack of 2),4.5
THE COMFY,THE COMFY Original | Oversized Microfiber & Sherpa Wearable Blanket| Seen On Shark Tank| One Size Fits All,4.8
Hanes,Men's 7-Pack ComfortSoft Briefs,4.5
Fruit of the Loom,Men's 10 Pack Everyday Work Crew Socks,4.4
Hanes,Men's 5-Pack ComfortBlend Crewneck T-Shirt with FreshIQ,4.3
Hanes,Men's 5-Pack Cool Comfort Lightweight Breathable Mesh Brief| Assorted| Large,4.5
Amazon Essentials,Men's 6-Pack Performance Cotton Cushioned Athletic Ankle Socks,4.4
Saucony,Men's Multi-pack Mesh Ventilating Comfort Fit Performance No-show Socks,4.5
Hanes,Men's 5-Pack Printed Woven Exposed Waistband Boxers (Assorted),4.4
Cooplus,Mens Ankle Socks Athletic Cushioned Breathable Low Cut Tab With Arch Support-6Pairs,4.7
Hanes,Men's Tagless Exposed Waistband Boxer Briefs,4.5
Calvin Klein,Men's Cotton Classics Multipack Boxer Briefs,4.5
Under Armour,Mens Tech 2.0 Short Sleeve T-Shirt,4.6
Gildan,Men's Regular Leg Boxer Brief Multipack,4.4
Calvin Klein,Men's Cotton Classics Megapack Boxer Briefs,4.5
Nike,Dri-Fit Training Everyday PLUS MAX Cushioned Quarter Cut Ankle Socks 6 PAIR White Black Swoosh Logo) LARGE 8-12,4.4
Champion,Men's Boxer Briefs All Day Comfort No Ride Up Double Dry X-Temp 5 Pack,4.6
Fruit of the Loom,Men's Assorted A-Shirts,4.5
Champion,Men's Double Dry Moisture Wicking Logo 6-Pack Crew Socks,4.7
